{"level_0":{"0":0,"1":1,"2":2,"3":3,"4":4,"5":5,"6":6,"7":7,"8":8,"9":9,"10":10,"11":11,"12":12,"13":13,"14":14,"15":15,"16":16,"17":17,"18":18,"19":19,"20":20},"prov":{"0":"Guatemala","1":"El Progreso","2":"Sacatep\u00e9quez","3":"Chimaltenango","4":"Escuintla","5":"Santa Rosa","6":"Solol\u00e1","7":"Totonicap\u00e1n","8":"Quetzaltenango","9":"Suchitep\u00e9quez","10":"Retalhuleu","11":"San Marcos","12":"Huehuetenango","13":"Quich\u00e9","14":"Baja Verapaz","15":"Alta Verapaz","16":"Pet\u00e9n","17":"Izabal","18":"Chiquimula","19":"Jalapa","20":"Jutiapa"},"index":{"0":1069.9221105528,"1":582.5833333333,"2":887.2162162162,"3":759.3469387755,"4":730.2929292929,"5":605.5208333333,"6":792.7959183673,"7":567.0416666667,"8":703.3904761905,"9":692.3055555556,"10":688.4583333333,"11":526.5616438356,"12":716.2886597938,"13":578.2530120482,"14":806.9583333333,"15":604.1326530612,"16":607.3,"17":647.9375,"18":361.5416666667,"19":746.1458333333,"20":693.75},"idnum":{"0":792.0577889447,"1":729.5833333333,"2":821.2702702703,"3":815.4897959184,"4":723.9494949495,"5":797.2291666667,"6":722.6326530612,"7":772.625,"8":784.3428571429,"9":753.5972222222,"10":778.3333333333,"11":768.095890411,"12":773.6082474227,"13":810.1325301205,"14":666.375,"15":769.0204081633,"16":696.0,"17":743.7708333333,"18":727.8333333333,"19":908.25,"20":726.0694444444},"upm":{"0":7074.7261306533,"1":203.0,"2":301.0,"3":406.8775510204,"4":503.9191919192,"5":605.5,"6":705.4081632653,"7":276.5,"8":726.6,"9":1006.6666666667,"10":1104.0,"11":1209.5890410959,"12":1308.6701030928,"13":1406.2771084337,"14":1504.0,"15":1607.3673469388,"16":1706.5,"17":1804.0,"18":2004.0,"19":2101.5,"20":2204.6666666667},"cluster":{"0":60.7537688442,"1":138.5,"2":67.5405405405,"3":74.4285714286,"4":188.3434343434,"5":200.5,"6":82.387755102,"7":262.5,"8":185.4476190476,"9":218.5138888889,"10":226.5,"11":145.2328767123,"12":125.0206185567,"13":139.6746987952,"14":142.5,"15":152.3469387755,"16":205.06,"17":172.2916666667,"18":178.5,"19":236.5,"20":251.6805555556},"wt":{"0":1.0,"1":1.0,"2":1.0,"3":1.0,"4":1.0,"5":1.0,"6":1.0,"7":1.0,"8":1.0,"9":1.0,"10":1.0,"11":1.0,"12":1.0,"13":1.0,"14":1.0,"15":1.0,"16":1.0,"17":1.0,"18":1.0,"19":1.0,"20":1.0},"q2":{"0":39.6180904523,"1":37.2083333333,"2":39.1081081081,"3":37.4489795918,"4":38.7070707071,"5":38.2291666667,"6":35.8775510204,"7":37.8333333333,"8":37.2571428571,"9":38.375,"10":37.9583333333,"11":38.698630137,"12":36.2371134021,"13":37.3253012048,"14":39.125,"15":38.612244898,"16":37.36,"17":38.9583333333,"18":35.6666666667,"19":38.7083333333,"20":36.2916666667},"prot3":{"0":0.1005025126,"1":0.0416666667,"2":0.0540540541,"3":0.0612244898,"4":0.0606060606,"5":0.1063829787,"6":0.3265306122,"7":0.125,"8":0.1333333333,"9":0.0694444444,"10":0.0416666667,"11":0.0547945205,"12":0.0833333333,"13":0.1084337349,"14":0.0833333333,"15":0.0515463918,"16":0.1,"17":0.0416666667,"18":0.0,"19":0.1041666667,"20":0.0833333333},"eff2":{"0":2.9974160207,"1":3.6666666667,"2":3.3783783784,"3":3.0638297872,"4":3.2083333333,"5":2.6041666667,"6":3.7234042553,"7":3.9583333333,"8":3.1960784314,"9":2.9027777778,"10":3.4166666667,"11":3.0151515152,"12":3.010989011,"13":3.6829268293,"14":3.0,"15":3.1956521739,"16":3.1224489796,"17":3.2978723404,"18":3.2916666667,"19":3.0,"20":3.1830985915},"pol1":{"0":0.8888888889,"1":1.125,"2":0.8285714286,"3":0.75,"4":0.9393939394,"5":1.2291666667,"6":0.7959183673,"7":0.4166666667,"8":0.8761904762,"9":0.9166666667,"10":0.9583333333,"11":1.0138888889,"12":1.0526315789,"13":0.8271604938,"14":1.0416666667,"15":1.0309278351,"16":0.96,"17":0.7916666667,"18":0.9583333333,"19":1.0,"20":1.0138888889},"etid":{"0":0.5040431267,"1":0.3636363636,"2":0.3529411765,"3":0.7111111111,"4":0.3820224719,"5":0.2826086957,"6":0.7959183673,"7":0.9583333333,"8":0.8585858586,"9":0.7571428571,"10":0.5833333333,"11":0.9552238806,"12":0.4269662921,"13":0.8271604938,"14":0.9565217391,"15":0.9347826087,"16":0.2888888889,"17":0.6808510638,"18":0.8260869565,"19":0.7234042553,"20":0.2878787879},"www1":{"0":2.2518891688,"1":0.75,"2":1.8055555556,"3":1.612244898,"4":1.5555555556,"5":2.0,"6":2.1428571429,"7":1.125,"8":1.7523809524,"9":1.5555555556,"10":1.8333333333,"11":1.1944444444,"12":1.9690721649,"13":1.4096385542,"14":1.4166666667,"15":1.4081632653,"16":1.24,"17":1.2083333333,"18":0.9166666667,"19":1.1458333333,"20":2.0277777778},"srvyrid":{"0":17.2211055276,"1":12.0833333333,"2":14.1081081081,"3":16.0816326531,"4":13.4747474747,"5":13.6666666667,"6":4.8775510204,"7":8.1666666667,"8":15.4,"9":13.4444444444,"10":13.5416666667,"11":15.3835616438,"12":9.7113402062,"13":8.7831325301,"14":15.6666666667,"15":15.6734693878,"16":14.4,"17":15.5625,"18":11.7916666667,"19":13.375,"20":14.0555555556},"indig":{"0":0.243718593,"1":0.1666666667,"2":0.2702702703,"3":0.612244898,"4":0.1414141414,"5":0.1041666667,"6":0.7551020408,"7":0.875,"8":0.580952381,"9":0.5972222222,"10":0.3333333333,"11":0.5205479452,"12":0.2268041237,"13":0.7590361446,"14":0.6666666667,"15":0.693877551,"16":0.18,"17":0.4166666667,"18":0.7083333333,"19":0.625,"20":0.125}}